-- =============================================================================
-- BOLÃO COPA 2026 - Seed Data
-- Insira os dados da Copa 2026
-- =============================================================================

-- Inserir Torneio
INSERT INTO Tournaments (TournamentId, Name, Description, StartDate, EndDate, Status)
VALUES 
  ('550e8400-e29b-41d4-a716-446655440000', 'Copa do Mundo 2026', 
   'Copa do Mundo FIFA 2026 - México, Canadá e Estados Unidos', 
   '2026-06-11', '2026-07-19', 'Active');

-- Inserir Fases
INSERT INTO Phases (PhaseId, TournamentId, Name, PhaseOrder, StartDate, EndDate, Status)
VALUES
  ('550e8400-e29b-41d4-a716-446655440001', '550e8400-e29b-41d4-a716-446655440000', 'Rodada 1', 1, '2026-06-11', '2026-06-17', 'Finished'),
  ('550e8400-e29b-41d4-a716-446655440002', '550e8400-e29b-41d4-a716-446655440000', 'Rodada 2', 2, '2026-06-18', '2026-06-23', 'Active'),
  ('550e8400-e29b-41d4-a716-446655440003', '550e8400-e29b-41d4-a716-446655440000', 'Rodada 3', 3, '2026-06-24', '2026-06-27', 'Upcoming'),
  ('550e8400-e29b-41d4-a716-446655440004', '550e8400-e29b-41d4-a716-446655440000', 'Oitavas de Final', 4, '2026-06-28', '2026-07-03', 'Upcoming');

-- Inserir Jogos - Rodada 2 (Matchday 2)
INSERT INTO Matches (MatchId, PhaseId, MatchNumber, HomeTeam, AwayTeam, ScheduledDate, HomeScore, AwayScore, Status)
VALUES
  ('660e8400-e29b-41d4-a716-446655440001', '550e8400-e29b-41d4-a716-446655440002', 1, 'Tchéquia', 'África do Sul', '2026-06-18 12:00:00', 1, 1, 'Finished'),
  ('660e8400-e29b-41d4-a716-446655440002', '550e8400-e29b-41d4-a716-446655440002', 2, 'Suíça', 'Bósnia e Herzegovina', '2026-06-19 15:00:00', 4, 1, 'Finished'),
  ('660e8400-e29b-41d4-a716-446655440003', '550e8400-e29b-41d4-a716-446655440002', 3, 'Canadá', 'Catar', '2026-06-20 14:00:00', 6, 0, 'Finished'),
  ('660e8400-e29b-41d4-a716-446655440004', '550e8400-e29b-41d4-a716-446655440002', 4, 'México', 'Coreia do Sul', '2026-06-21 16:00:00', 1, 0, 'Finished');

-- Inserir Participantes
INSERT INTO Participants (ParticipantId, TournamentId, Name, Email, Status)
VALUES
  ('770e8400-e29b-41d4-a716-446655440001', '550e8400-e29b-41d4-a716-446655440000', 'Adriel Madureira', 'adriel@example.com', 'Active'),
  ('770e8400-e29b-41d4-a716-446655440002', '550e8400-e29b-41d4-a716-446655440000', 'Daniel Silva', 'daniel@example.com', 'Active'),
  ('770e8400-e29b-41d4-a716-446655440003', '550e8400-e29b-41d4-a716-446655440000', 'Emilly Santos', 'emilly@example.com', 'Active'),
  ('770e8400-e29b-41d4-a716-446655440004', '550e8400-e29b-41d4-a716-446655440000', 'Matheus Caetano', 'matheus.c@example.com', 'Active'),
  ('770e8400-e29b-41d4-a716-446655440005', '550e8400-e29b-41d4-a716-446655440000', 'Matheus Gazzani', 'matheus.g@example.com', 'Active'),
  ('770e8400-e29b-41d4-a716-446655440006', '550e8400-e29b-41d4-a716-446655440000', 'Amanda Oliveira', 'amanda@example.com', 'Active'),
  ('770e8400-e29b-41d4-a716-446655440007', '550e8400-e29b-41d4-a716-446655440000', 'Rodrigo Lemos', 'rodrigo@example.com', 'Active'),
  ('770e8400-e29b-41d4-a716-446655440008', '550e8400-e29b-41d4-a716-446655440000', 'Jesse Dias', 'jesse@example.com', 'Active'),
  ('770e8400-e29b-41d4-a716-446655440009', '550e8400-e29b-41d4-a716-446655440000', 'Rafael Rocha', 'rafael@example.com', 'Active');

-- Inserir Palpites (Rodada 2)
-- Adriel Madureira: 2x1 | 1x1 | 1x0 | 2x1
INSERT INTO Guesses VALUES (NEWID(), '770e8400-e29b-41d4-a716-446655440001', '660e8400-e29b-41d4-a716-446655440001', 2, 1, 0, GETUTCDATE());
INSERT INTO Guesses VALUES (NEWID(), '770e8400-e29b-41d4-a716-446655440001', '660e8400-e29b-41d4-a716-446655440002', 1, 1, 0, GETUTCDATE());
INSERT INTO Guesses VALUES (NEWID(), '770e8400-e29b-41d4-a716-446655440001', '660e8400-e29b-41d4-a716-446655440003', 1, 0, 1, GETUTCDATE());
INSERT INTO Guesses VALUES (NEWID(), '770e8400-e29b-41d4-a716-446655440001', '660e8400-e29b-41d4-a716-446655440004', 2, 1, 1, GETUTCDATE());

-- Daniel Silva: 1x1 | 1x2 | 2x0 | 1x0
INSERT INTO Guesses VALUES (NEWID(), '770e8400-e29b-41d4-a716-446655440002', '660e8400-e29b-41d4-a716-446655440001', 1, 1, 3, GETUTCDATE());
INSERT INTO Guesses VALUES (NEWID(), '770e8400-e29b-41d4-a716-446655440002', '660e8400-e29b-41d4-a716-446655440002', 1, 2, 0, GETUTCDATE());
INSERT INTO Guesses VALUES (NEWID(), '770e8400-e29b-41d4-a716-446655440002', '660e8400-e29b-41d4-a716-446655440003', 2, 0, 1, GETUTCDATE());
INSERT INTO Guesses VALUES (NEWID(), '770e8400-e29b-41d4-a716-446655440002', '660e8400-e29b-41d4-a716-446655440004', 1, 0, 3, GETUTCDATE());

-- Emilly Santos: 2x1 | 2x0 | 2x0 | 1x1
INSERT INTO Guesses VALUES (NEWID(), '770e8400-e29b-41d4-a716-446655440003', '660e8400-e29b-41d4-a716-446655440001', 2, 1, 0, GETUTCDATE());
INSERT INTO Guesses VALUES (NEWID(), '770e8400-e29b-41d4-a716-446655440003', '660e8400-e29b-41d4-a716-446655440002', 2, 0, 1, GETUTCDATE());
INSERT INTO Guesses VALUES (NEWID(), '770e8400-e29b-41d4-a716-446655440003', '660e8400-e29b-41d4-a716-446655440003', 2, 0, 1, GETUTCDATE());
INSERT INTO Guesses VALUES (NEWID(), '770e8400-e29b-41d4-a716-446655440003', '660e8400-e29b-41d4-a716-446655440004', 1, 1, 0, GETUTCDATE());

-- Matheus Caetano: 0x0 | 2x1 | 2x0 | 2x2
INSERT INTO Guesses VALUES (NEWID(), '770e8400-e29b-41d4-a716-446655440004', '660e8400-e29b-41d4-a716-446655440001', 0, 0, 1, GETUTCDATE());
INSERT INTO Guesses VALUES (NEWID(), '770e8400-e29b-41d4-a716-446655440004', '660e8400-e29b-41d4-a716-446655440002', 2, 1, 1, GETUTCDATE());
INSERT INTO Guesses VALUES (NEWID(), '770e8400-e29b-41d4-a716-446655440004', '660e8400-e29b-41d4-a716-446655440003', 2, 0, 1, GETUTCDATE());
INSERT INTO Guesses VALUES (NEWID(), '770e8400-e29b-41d4-a716-446655440004', '660e8400-e29b-41d4-a716-446655440004', 2, 2, 0, GETUTCDATE());

-- Matheus Gazzani: 0x0 | 2x0 | 2x1 | 2x1
INSERT INTO Guesses VALUES (NEWID(), '770e8400-e29b-41d4-a716-446655440005', '660e8400-e29b-41d4-a716-446655440001', 0, 0, 1, GETUTCDATE());
INSERT INTO Guesses VALUES (NEWID(), '770e8400-e29b-41d4-a716-446655440005', '660e8400-e29b-41d4-a716-446655440002', 2, 0, 1, GETUTCDATE());
INSERT INTO Guesses VALUES (NEWID(), '770e8400-e29b-41d4-a716-446655440005', '660e8400-e29b-41d4-a716-446655440003', 2, 1, 1, GETUTCDATE());
INSERT INTO Guesses VALUES (NEWID(), '770e8400-e29b-41d4-a716-446655440005', '660e8400-e29b-41d4-a716-446655440004', 2, 1, 1, GETUTCDATE());

-- Amanda Oliveira: 2x1 | 1x0 | 1x1 | 1x2
INSERT INTO Guesses VALUES (NEWID(), '770e8400-e29b-41d4-a716-446655440006', '660e8400-e29b-41d4-a716-446655440001', 2, 1, 0, GETUTCDATE());
INSERT INTO Guesses VALUES (NEWID(), '770e8400-e29b-41d4-a716-446655440006', '660e8400-e29b-41d4-a716-446655440002', 1, 0, 1, GETUTCDATE());
INSERT INTO Guesses VALUES (NEWID(), '770e8400-e29b-41d4-a716-446655440006', '660e8400-e29b-41d4-a716-446655440003', 1, 1, 0, GETUTCDATE());
INSERT INTO Guesses VALUES (NEWID(), '770e8400-e29b-41d4-a716-446655440006', '660e8400-e29b-41d4-a716-446655440004', 1, 2, 0, GETUTCDATE());

-- Rodrigo Lemos: 0x0 | 2x1 | 2x0 | 1x1
INSERT INTO Guesses VALUES (NEWID(), '770e8400-e29b-41d4-a716-446655440007', '660e8400-e29b-41d4-a716-446655440001', 0, 0, 1, GETUTCDATE());
INSERT INTO Guesses VALUES (NEWID(), '770e8400-e29b-41d4-a716-446655440007', '660e8400-e29b-41d4-a716-446655440002', 2, 1, 1, GETUTCDATE());
INSERT INTO Guesses VALUES (NEWID(), '770e8400-e29b-41d4-a716-446655440007', '660e8400-e29b-41d4-a716-446655440003', 2, 0, 1, GETUTCDATE());
INSERT INTO Guesses VALUES (NEWID(), '770e8400-e29b-41d4-a716-446655440007', '660e8400-e29b-41d4-a716-446655440004', 1, 1, 0, GETUTCDATE());

-- Jesse Dias: 0x0 | 2x2 | 1x1 | 2x3
INSERT INTO Guesses VALUES (NEWID(), '770e8400-e29b-41d4-a716-446655440008', '660e8400-e29b-41d4-a716-446655440001', 0, 0, 1, GETUTCDATE());
INSERT INTO Guesses VALUES (NEWID(), '770e8400-e29b-41d4-a716-446655440008', '660e8400-e29b-41d4-a716-446655440002', 2, 2, 0, GETUTCDATE());
INSERT INTO Guesses VALUES (NEWID(), '770e8400-e29b-41d4-a716-446655440008', '660e8400-e29b-41d4-a716-446655440003', 1, 1, 0, GETUTCDATE());
INSERT INTO Guesses VALUES (NEWID(), '770e8400-e29b-41d4-a716-446655440008', '660e8400-e29b-41d4-a716-446655440004', 2, 3, 0, GETUTCDATE());

-- Rafael Rocha: 1x3 | 2x1 | 2x0 | 1x2
INSERT INTO Guesses VALUES (NEWID(), '770e8400-e29b-41d4-a716-446655440009', '660e8400-e29b-41d4-a716-446655440001', 1, 3, 0, GETUTCDATE());
INSERT INTO Guesses VALUES (NEWID(), '770e8400-e29b-41d4-a716-446655440009', '660e8400-e29b-41d4-a716-446655440002', 2, 1, 1, GETUTCDATE());
INSERT INTO Guesses VALUES (NEWID(), '770e8400-e29b-41d4-a716-446655440009', '660e8400-e29b-41d4-a716-446655440003', 2, 0, 1, GETUTCDATE());
INSERT INTO Guesses VALUES (NEWID(), '770e8400-e29b-41d4-a716-446655440009', '660e8400-e29b-41d4-a716-446655440004', 1, 2, 0, GETUTCDATE());

-- Inserir Rankings
INSERT INTO Rankings (RankingId, TournamentId, ParticipantId, ParticipantName, TotalPoints, ExactMatches, WinnerMatches, Position)
VALUES
  (NEWID(), '550e8400-e29b-41d4-a716-446655440000', '770e8400-e29b-41d4-a716-446655440001', 'Adriel Madureira', 2, 0, 2, 5),
  (NEWID(), '550e8400-e29b-41d4-a716-446655440000', '770e8400-e29b-41d4-a716-446655440002', 'Daniel Silva', 4, 2, 0, 1),
  (NEWID(), '550e8400-e29b-41d4-a716-446655440000', '770e8400-e29b-41d4-a716-446655440003', 'Emilly Santos', 2, 0, 2, 6),
  (NEWID(), '550e8400-e29b-41d4-a716-446655440000', '770e8400-e29b-41d4-a716-446655440004', 'Matheus Caetano', 3, 0, 3, 3),
  (NEWID(), '550e8400-e29b-41d4-a716-446655440000', '770e8400-e29b-41d4-a716-446655440005', 'Matheus Gazzani', 4, 0, 4, 2),
  (NEWID(), '550e8400-e29b-41d4-a716-446655440000', '770e8400-e29b-41d4-a716-446655440006', 'Amanda Oliveira', 1, 0, 1, 8),
  (NEWID(), '550e8400-e29b-41d4-a716-446655440000', '770e8400-e29b-41d4-a716-446655440007', 'Rodrigo Lemos', 3, 0, 3, 4),
  (NEWID(), '550e8400-e29b-41d4-a716-446655440000', '770e8400-e29b-41d4-a716-446655440008', 'Jesse Dias', 1, 0, 1, 9),
  (NEWID(), '550e8400-e29b-41d4-a716-446655440000', '770e8400-e29b-41d4-a716-446655440009', 'Rafael Rocha', 2, 0, 2, 7);
